               epoch,      train/box_loss,      train/obj_loss,      train/cls_loss,   metrics/precision,      metrics/recall,     metrics/mAP_0.5,metrics/mAP_0.5:0.95,        val/box_loss,        val/obj_loss,        val/cls_loss,               x/lr0,               x/lr1,               x/lr2
                   0,             0.10587,            0.015698,            0.069341,           0.0013357,             0.13636,           0.0010494,          0.00018339,            0.069789,            0.011155,            0.051026,              0.0964,              0.0004,              0.0004
                   1,              0.1062,            0.016173,            0.073933,           0.0018399,             0.18182,           0.0016045,          0.00024427,            0.066202,            0.011913,            0.050701,            0.091898,          0.00089822,          0.00089822
                   2,             0.10012,            0.017078,            0.068357,           0.0034091,             0.27273,           0.0029444,          0.00063627,            0.063017,            0.012495,            0.050055,            0.087394,           0.0013945,           0.0013945
                   3,            0.086217,            0.013709,            0.070776,           0.0060606,             0.45455,           0.0063657,           0.0014811,            0.057922,            0.013593,            0.048399,            0.082889,           0.0018887,           0.0018887
                   4,            0.098424,            0.019118,            0.069604,           0.0058824,             0.45455,           0.0067555,           0.0016863,            0.054244,            0.014422,             0.04778,            0.078381,            0.002381,            0.002381
                   5,            0.089594,            0.026268,            0.069315,           0.0068358,                0.55,           0.0082857,            0.002105,             0.04774,            0.015835,            0.046434,            0.073871,           0.0028713,           0.0028713
                   6,            0.084733,            0.023408,            0.067968,            0.011875,                 0.9,            0.013224,           0.0024034,            0.045931,            0.016015,            0.044679,             0.06936,           0.0033596,           0.0033596
                   7,            0.076852,            0.021296,            0.063203,            0.011875,                 0.9,            0.013224,           0.0024034,            0.045931,            0.016015,            0.044679,            0.064846,           0.0038459,           0.0038459
                   8,            0.082517,            0.028341,            0.061855,            0.011928,             0.95455,            0.016155,           0.0026764,             0.04571,            0.015971,            0.043241,             0.06033,           0.0043303,           0.0043303
                   9,            0.069111,            0.019898,            0.047723,            0.012205,                   1,            0.028271,           0.0068545,             0.04479,             0.01588,            0.042227,            0.055813,           0.0048127,           0.0048127
                  10,            0.075219,             0.02459,            0.056738,            0.011589,                0.95,            0.037218,           0.0071802,            0.049697,            0.014162,            0.039761,            0.051293,           0.0052931,           0.0052931
                  11,            0.080455,            0.024113,            0.056562,            0.011589,                0.95,            0.037218,           0.0071802,            0.049697,            0.014162,            0.039761,            0.046771,           0.0057715,           0.0057715
                  12,             0.07607,            0.029056,            0.050959,            0.011157,                   1,             0.20548,             0.06423,             0.04558,            0.014208,            0.036536,            0.042248,           0.0062479,           0.0062479
                  13,            0.076483,            0.022188,            0.049861,            0.011157,                   1,             0.20548,             0.06423,             0.04558,            0.014208,            0.036536,            0.037722,           0.0067224,           0.0067224
                  14,            0.071789,             0.02538,            0.048773,            0.010676,                   1,             0.45435,             0.14554,            0.044946,            0.013785,            0.033721,            0.033195,           0.0071949,           0.0071949
                  15,            0.075879,            0.021144,            0.048563,            0.010676,                   1,             0.45435,             0.14554,            0.044946,            0.013785,            0.033721,            0.028665,           0.0076654,           0.0076654
                  16,            0.074857,            0.021746,            0.046368,            0.084848,             0.22727,             0.18467,            0.047393,            0.047565,            0.012771,            0.030301,            0.024134,           0.0081339,           0.0081339
                  17,            0.070697,              0.0235,            0.045367,            0.084848,             0.22727,             0.18467,            0.047393,            0.047565,            0.012771,            0.030301,              0.0196,           0.0086004,           0.0086004
                  18,            0.075647,            0.024807,            0.044303,            0.010911,                   1,            0.079017,            0.026271,            0.055189,            0.011349,            0.028219,            0.015065,            0.009065,            0.009065
                  19,            0.079952,            0.020525,            0.040239,            0.010911,                   1,            0.079017,            0.026271,            0.055189,            0.011349,            0.028219,            0.010528,           0.0095276,           0.0095276
                  20,            0.080411,            0.016975,            0.041298,            0.010911,                   1,            0.079017,            0.026271,            0.055189,            0.011349,            0.028219,            0.009604,            0.009604,            0.009604
                  21,            0.077983,             0.02003,            0.040897,            0.079936,                   1,            0.099419,            0.033627,            0.048406,            0.011904,            0.027138,            0.009604,            0.009604,            0.009604
                  22,            0.077405,            0.020042,             0.04092,            0.079936,                   1,            0.099419,            0.033627,            0.048406,            0.011904,            0.027138,           0.0095842,           0.0095842,           0.0095842
                  23,            0.080257,            0.021432,             0.04164,            0.038757,                   1,            0.077221,            0.019641,            0.069957,           0.0085422,            0.026406,           0.0095644,           0.0095644,           0.0095644
                  24,            0.088182,            0.017064,            0.037701,            0.038757,                   1,            0.077221,            0.019641,            0.069957,           0.0085422,            0.026406,           0.0095446,           0.0095446,           0.0095446
                  25,            0.086584,            0.016542,            0.040289,            0.038757,                   1,            0.077221,            0.019641,            0.069957,           0.0085422,            0.026406,           0.0095248,           0.0095248,           0.0095248
                  26,            0.082452,            0.021098,            0.037628,             0.13352,             0.83133,             0.14667,            0.034668,            0.058488,           0.0094739,            0.026507,            0.009505,            0.009505,            0.009505
                  27,            0.075884,            0.016285,            0.035614,             0.13352,             0.83133,             0.14667,            0.034668,            0.058488,           0.0094739,            0.026507,           0.0094852,           0.0094852,           0.0094852
                  28,            0.076432,            0.017555,             0.03599,             0.40186,             0.72273,             0.59532,             0.32944,            0.063115,           0.0083643,            0.026354,           0.0094654,           0.0094654,           0.0094654
                  29,            0.092202,            0.015787,            0.033702,             0.40186,             0.72273,             0.59532,             0.32944,            0.063115,           0.0083643,            0.026354,           0.0094456,           0.0094456,           0.0094456
                  30,            0.078106,            0.012679,            0.032109,             0.40186,             0.72273,             0.59532,             0.32944,            0.063115,           0.0083643,            0.026354,           0.0094258,           0.0094258,           0.0094258
                  31,            0.069233,            0.013431,            0.029529,            0.094582,             0.77273,             0.11022,            0.052235,            0.057419,           0.0089088,            0.026841,            0.009406,            0.009406,            0.009406
                  32,            0.077563,            0.017632,            0.036969,            0.094582,             0.77273,             0.11022,            0.052235,            0.057419,           0.0089088,            0.026841,           0.0093862,           0.0093862,           0.0093862
                  33,            0.078537,            0.015226,            0.034332,            0.094582,             0.77273,             0.11022,            0.052235,            0.057419,           0.0089088,            0.026841,           0.0093664,           0.0093664,           0.0093664
                  34,            0.082534,            0.020467,            0.035733,             0.10076,             0.81818,             0.12515,             0.04271,              0.0561,           0.0089739,            0.027113,           0.0093466,           0.0093466,           0.0093466
                  35,            0.078652,            0.013593,            0.034059,             0.10076,             0.81818,             0.12515,             0.04271,              0.0561,           0.0089739,            0.027113,           0.0093268,           0.0093268,           0.0093268
                  36,            0.081262,            0.015441,            0.037182,            0.036218,                   1,            0.049709,            0.019412,            0.062755,           0.0085495,            0.025275,            0.009307,            0.009307,            0.009307
                  37,            0.087142,            0.017257,            0.035747,            0.036218,                   1,            0.049709,            0.019412,            0.062755,           0.0085495,            0.025275,           0.0092872,           0.0092872,           0.0092872
                  38,             0.08269,            0.016538,            0.035189,            0.036218,                   1,            0.049709,            0.019412,            0.062755,           0.0085495,            0.025275,           0.0092674,           0.0092674,           0.0092674
                  39,            0.073515,            0.015425,            0.032436,              0.1387,             0.86364,             0.15466,            0.072634,            0.051922,           0.0096509,            0.024913,           0.0092476,           0.0092476,           0.0092476
                  40,            0.076575,            0.021161,            0.033661,              0.1387,             0.86364,             0.15466,            0.072634,            0.051922,           0.0096509,            0.024913,           0.0092278,           0.0092278,           0.0092278
                  41,            0.071095,            0.016269,            0.034003,            0.067029,             0.47727,             0.11982,            0.037168,            0.051947,            0.009522,            0.023848,            0.009208,            0.009208,            0.009208
                  42,            0.071867,            0.015134,            0.033472,            0.067029,             0.47727,             0.11982,            0.037168,            0.051947,            0.009522,            0.023848,           0.0091882,           0.0091882,           0.0091882
                  43,            0.072581,            0.020581,            0.034187,            0.067029,             0.47727,             0.11982,            0.037168,            0.051947,            0.009522,            0.023848,           0.0091684,           0.0091684,           0.0091684
                  44,            0.071577,             0.01713,            0.035382,             0.22235,             0.80386,             0.35764,             0.10609,             0.03754,             0.01084,            0.023308,           0.0091486,           0.0091486,           0.0091486
                  45,            0.064169,            0.017815,            0.033342,             0.22235,             0.80386,             0.35764,             0.10609,             0.03754,             0.01084,            0.023308,           0.0091288,           0.0091288,           0.0091288
                  46,            0.062214,             0.01883,             0.03314,             0.22235,             0.80386,             0.35764,             0.10609,             0.03754,             0.01084,            0.023308,            0.009109,            0.009109,            0.009109
                  47,            0.064176,            0.017216,            0.031113,             0.19561,             0.79166,             0.38446,             0.11324,            0.040089,            0.010451,            0.022692,           0.0090892,           0.0090892,           0.0090892
                  48,            0.059374,              0.0168,            0.031617,             0.19561,             0.79166,             0.38446,             0.11324,            0.040089,            0.010451,            0.022692,           0.0090694,           0.0090694,           0.0090694
                  49,            0.067478,            0.018198,            0.033831,             0.31741,             0.57727,             0.34884,             0.14963,            0.055346,           0.0087348,             0.02273,           0.0090496,           0.0090496,           0.0090496
                  50,            0.076182,            0.018419,            0.033176,             0.31741,             0.57727,             0.34884,             0.14963,            0.055346,           0.0087348,             0.02273,           0.0090298,           0.0090298,           0.0090298
                  51,            0.072705,            0.015869,            0.030895,             0.31741,             0.57727,             0.34884,             0.14963,            0.055346,           0.0087348,             0.02273,             0.00901,             0.00901,             0.00901
                  52,            0.075895,            0.018697,            0.033293,              0.4035,             0.72727,             0.53504,               0.218,            0.047448,           0.0091596,             0.02239,           0.0089902,           0.0089902,           0.0089902
                  53,            0.066312,            0.015387,            0.034035,              0.4035,             0.72727,             0.53504,               0.218,            0.047448,           0.0091596,             0.02239,           0.0089704,           0.0089704,           0.0089704
                  54,            0.064569,            0.016981,            0.031001,             0.42345,             0.60461,             0.57969,             0.31493,            0.046344,           0.0090846,             0.02243,           0.0089506,           0.0089506,           0.0089506
                  55,            0.068439,            0.020942,            0.032372,             0.42345,             0.60461,             0.57969,             0.31493,            0.046344,           0.0090846,             0.02243,           0.0089308,           0.0089308,           0.0089308
                  56,            0.067978,            0.016774,            0.034076,             0.42345,             0.60461,             0.57969,             0.31493,            0.046344,           0.0090846,             0.02243,            0.008911,            0.008911,            0.008911
                  57,            0.062765,            0.015539,            0.029184,             0.60359,             0.59091,             0.59145,             0.18651,            0.043312,             0.00912,            0.022191,           0.0088912,           0.0088912,           0.0088912
                  58,            0.060612,            0.015978,            0.030583,             0.60359,             0.59091,             0.59145,             0.18651,            0.043312,             0.00912,            0.022191,           0.0088714,           0.0088714,           0.0088714
                  59,            0.060025,            0.019049,            0.030242,             0.60359,             0.59091,             0.59145,             0.18651,            0.043312,             0.00912,            0.022191,           0.0088516,           0.0088516,           0.0088516
                  60,            0.061581,            0.019369,            0.031532,             0.52317,             0.76351,             0.63586,             0.25345,            0.039035,           0.0091665,            0.022048,           0.0088318,           0.0088318,           0.0088318
                  61,            0.057544,             0.01568,            0.027368,             0.52317,             0.76351,             0.63586,             0.25345,            0.039035,           0.0091665,            0.022048,            0.008812,            0.008812,            0.008812
                  62,            0.056732,            0.016688,            0.030444,               0.426,             0.75562,             0.56003,             0.13972,            0.050864,           0.0080061,            0.022636,           0.0087922,           0.0087922,           0.0087922
                  63,            0.061574,            0.018236,            0.031706,               0.426,             0.75562,             0.56003,             0.13972,            0.050864,           0.0080061,            0.022636,           0.0087724,           0.0087724,           0.0087724
                  64,            0.065158,            0.016487,            0.031037,               0.426,             0.75562,             0.56003,             0.13972,            0.050864,           0.0080061,            0.022636,           0.0087526,           0.0087526,           0.0087526
                  65,            0.060776,            0.016969,            0.031124,             0.29193,             0.84725,             0.48957,             0.23685,            0.046386,           0.0081818,            0.022151,           0.0087328,           0.0087328,           0.0087328
                  66,            0.060718,            0.017684,            0.031529,             0.29193,             0.84725,             0.48957,             0.23685,            0.046386,           0.0081818,            0.022151,            0.008713,            0.008713,            0.008713
                  67,            0.059817,            0.015833,            0.032053,             0.46415,             0.76818,              0.6066,             0.15495,            0.047936,           0.0081372,            0.021436,           0.0086932,           0.0086932,           0.0086932
                  68,            0.067104,            0.014082,            0.029643,             0.46415,             0.76818,              0.6066,             0.15495,            0.047936,           0.0081372,            0.021436,           0.0086734,           0.0086734,           0.0086734
                  69,               0.068,            0.014349,            0.031673,             0.46415,             0.76818,              0.6066,             0.15495,            0.047936,           0.0081372,            0.021436,           0.0086536,           0.0086536,           0.0086536
                  70,            0.063818,            0.016386,            0.029569,             0.33421,             0.80083,             0.53958,             0.26142,              0.0468,           0.0081628,            0.020727,           0.0086338,           0.0086338,           0.0086338
                  71,            0.052085,            0.015205,            0.029555,             0.33421,             0.80083,             0.53958,             0.26142,              0.0468,           0.0081628,            0.020727,            0.008614,            0.008614,            0.008614
                  72,             0.06264,            0.016294,            0.033978,             0.33421,             0.80083,             0.53958,             0.26142,              0.0468,           0.0081628,            0.020727,           0.0085942,           0.0085942,           0.0085942
                  73,            0.063878,            0.018346,            0.033924,             0.32447,                0.95,             0.50908,             0.20964,            0.045262,           0.0082728,            0.020462,           0.0085744,           0.0085744,           0.0085744
                  74,            0.060701,            0.014429,            0.032298,             0.32447,                0.95,             0.50908,             0.20964,            0.045262,           0.0082728,            0.020462,           0.0085546,           0.0085546,           0.0085546
                  75,            0.054797,             0.01733,            0.028195,             0.46553,             0.97427,              0.7344,             0.38267,            0.034254,           0.0084142,            0.020146,           0.0085348,           0.0085348,           0.0085348
                  76,            0.054334,            0.015086,            0.029149,             0.46553,             0.97427,              0.7344,             0.38267,            0.034254,           0.0084142,            0.020146,            0.008515,            0.008515,            0.008515
                  77,            0.055201,            0.014995,            0.028867,             0.46553,             0.97427,              0.7344,             0.38267,            0.034254,           0.0084142,            0.020146,           0.0084952,           0.0084952,           0.0084952
                  78,            0.056258,            0.015812,            0.031792,             0.47284,                   1,             0.79445,             0.49648,            0.026665,           0.0088323,            0.019876,           0.0084754,           0.0084754,           0.0084754
                  79,             0.04989,            0.014956,            0.030387,             0.47284,                   1,             0.79445,             0.49648,            0.026665,           0.0088323,            0.019876,           0.0084556,           0.0084556,           0.0084556
                  80,            0.049589,            0.016953,            0.028798,             0.24336,             0.65909,              0.4395,            0.091127,            0.043353,           0.0080242,            0.019483,           0.0084358,           0.0084358,           0.0084358
                  81,              0.0551,            0.014365,            0.031156,             0.24336,             0.65909,              0.4395,            0.091127,            0.043353,           0.0080242,            0.019483,            0.008416,            0.008416,            0.008416
                  82,            0.057215,            0.015522,            0.031267,             0.24336,             0.65909,              0.4395,            0.091127,            0.043353,           0.0080242,            0.019483,           0.0083962,           0.0083962,           0.0083962
                  83,            0.054137,            0.017183,            0.029685,             0.42819,             0.86421,             0.76849,             0.35951,            0.030351,           0.0084626,            0.019313,           0.0083764,           0.0083764,           0.0083764
                  84,            0.043307,            0.015828,            0.028503,             0.42819,             0.86421,             0.76849,             0.35951,            0.030351,           0.0084626,            0.019313,           0.0083566,           0.0083566,           0.0083566
                  85,            0.048271,            0.017457,            0.030972,             0.42819,             0.86421,             0.76849,             0.35951,            0.030351,           0.0084626,            0.019313,           0.0083368,           0.0083368,           0.0083368
                  86,             0.04147,             0.01473,            0.028292,             0.41393,                 0.8,             0.75449,             0.31693,             0.03028,           0.0082964,            0.019231,            0.008317,            0.008317,            0.008317
                  87,            0.041173,             0.01633,            0.029013,             0.41393,                 0.8,             0.75449,             0.31693,             0.03028,           0.0082964,            0.019231,           0.0082972,           0.0082972,           0.0082972
                  88,            0.047119,            0.018299,            0.030874,             0.36686,             0.81605,             0.75344,              0.2889,            0.041269,           0.0076884,            0.019168,           0.0082774,           0.0082774,           0.0082774
                  89,            0.061443,            0.013662,            0.030492,             0.36686,             0.81605,             0.75344,              0.2889,            0.041269,           0.0076884,            0.019168,           0.0082576,           0.0082576,           0.0082576
                  90,            0.055517,             0.01415,            0.027113,             0.36686,             0.81605,             0.75344,              0.2889,            0.041269,           0.0076884,            0.019168,           0.0082378,           0.0082378,           0.0082378
                  91,            0.055047,            0.014616,            0.029642,             0.54308,               0.706,             0.84138,             0.43734,             0.02817,           0.0078822,            0.019081,            0.008218,            0.008218,            0.008218
                  92,            0.052742,            0.015923,            0.031968,             0.54308,               0.706,             0.84138,             0.43734,             0.02817,           0.0078822,            0.019081,           0.0081982,           0.0081982,           0.0081982
                  93,            0.050267,            0.016144,            0.027641,             0.48702,             0.76353,             0.77969,             0.22218,            0.045781,           0.0072066,            0.018909,           0.0081784,           0.0081784,           0.0081784
                  94,            0.056512,            0.013459,            0.028038,             0.48702,             0.76353,             0.77969,             0.22218,            0.045781,           0.0072066,            0.018909,           0.0081586,           0.0081586,           0.0081586
                  95,            0.059348,            0.017338,            0.029975,             0.48702,             0.76353,             0.77969,             0.22218,            0.045781,           0.0072066,            0.018909,           0.0081388,           0.0081388,           0.0081388
                  96,            0.060455,            0.015901,            0.029895,             0.58112,             0.65166,             0.63677,             0.18816,            0.043922,           0.0070465,            0.019024,            0.008119,            0.008119,            0.008119
                  97,            0.054446,            0.017942,            0.029713,             0.58112,             0.65166,             0.63677,             0.18816,            0.043922,           0.0070465,            0.019024,           0.0080992,           0.0080992,           0.0080992
                  98,             0.05406,             0.01214,            0.029216,             0.58112,             0.65166,             0.63677,             0.18816,            0.043922,           0.0070465,            0.019024,           0.0080794,           0.0080794,           0.0080794
                  99,            0.053709,            0.014043,            0.030437,             0.60088,             0.71818,             0.64529,             0.21357,            0.041876,           0.0068859,            0.019097,           0.0080596,           0.0080596,           0.0080596
                 100,            0.050558,            0.016038,             0.02701,             0.60088,             0.71818,             0.64529,             0.21357,            0.041876,           0.0068859,            0.019097,           0.0080398,           0.0080398,           0.0080398
                 101,            0.053346,              0.0152,            0.029322,             0.49601,                0.85,             0.73795,             0.31936,            0.033829,           0.0071122,            0.019262,             0.00802,             0.00802,             0.00802
                 102,            0.055941,            0.015693,            0.028409,             0.49601,                0.85,             0.73795,             0.31936,            0.033829,           0.0071122,            0.019262,           0.0080002,           0.0080002,           0.0080002
                 103,            0.052008,            0.012994,            0.027447,             0.49601,                0.85,             0.73795,             0.31936,            0.033829,           0.0071122,            0.019262,           0.0079804,           0.0079804,           0.0079804
                 104,            0.049828,            0.012303,            0.028056,             0.42654,                0.95,              0.6579,             0.28561,            0.030871,           0.0072193,             0.01937,           0.0079606,           0.0079606,           0.0079606
                 105,            0.046059,            0.018318,            0.029556,             0.42654,                0.95,              0.6579,             0.28561,            0.030871,           0.0072193,             0.01937,           0.0079408,           0.0079408,           0.0079408
                 106,             0.04595,            0.013281,            0.027815,             0.31268,             0.86364,             0.41698,             0.13054,            0.036944,           0.0069815,            0.019854,            0.007921,            0.007921,            0.007921
                 107,            0.045901,            0.013551,            0.028235,             0.31268,             0.86364,             0.41698,             0.13054,            0.036944,           0.0069815,            0.019854,           0.0079012,           0.0079012,           0.0079012
                 108,            0.051101,            0.014448,            0.028785,             0.31268,             0.86364,             0.41698,             0.13054,            0.036944,           0.0069815,            0.019854,           0.0078814,           0.0078814,           0.0078814
                 109,            0.049826,            0.016791,             0.02928,             0.55056,                   1,             0.76781,             0.51612,            0.025871,           0.0073449,            0.019892,           0.0078616,           0.0078616,           0.0078616
                 110,             0.04568,            0.013143,            0.027725,             0.55056,                   1,             0.76781,             0.51612,            0.025871,           0.0073449,            0.019892,           0.0078418,           0.0078418,           0.0078418
                 111,            0.040532,            0.011051,            0.025791,             0.55056,                   1,             0.76781,             0.51612,            0.025871,           0.0073449,            0.019892,            0.007822,            0.007822,            0.007822
                 112,            0.044794,            0.012763,            0.030768,             0.57689,             0.95455,             0.75889,              0.4735,            0.025792,           0.0072929,            0.019968,           0.0078022,           0.0078022,           0.0078022
                 113,              0.0385,            0.015105,            0.029349,             0.57689,             0.95455,             0.75889,              0.4735,            0.025792,           0.0072929,            0.019968,           0.0077824,           0.0077824,           0.0077824
                 114,            0.043173,            0.018627,            0.029536,             0.72946,             0.95455,             0.80305,             0.40307,            0.027884,           0.0069965,            0.019636,           0.0077626,           0.0077626,           0.0077626
                 115,            0.043981,            0.012348,            0.027811,             0.72946,             0.95455,             0.80305,             0.40307,            0.027884,           0.0069965,            0.019636,           0.0077428,           0.0077428,           0.0077428
                 116,             0.04674,            0.012857,            0.031066,             0.72946,             0.95455,             0.80305,             0.40307,            0.027884,           0.0069965,            0.019636,            0.007723,            0.007723,            0.007723
                 117,            0.048837,            0.013479,            0.028536,             0.75451,             0.97872,             0.87967,              0.6124,            0.023314,           0.0069719,            0.019827,           0.0077032,           0.0077032,           0.0077032
                 118,            0.042268,            0.017514,            0.029136,             0.75451,             0.97872,             0.87967,              0.6124,            0.023314,           0.0069719,            0.019827,           0.0076834,           0.0076834,           0.0076834
                 119,            0.039861,            0.013503,            0.027507,             0.38342,             0.81364,             0.54206,             0.18914,            0.035335,           0.0066962,            0.019802,           0.0076636,           0.0076636,           0.0076636
                 120,            0.051566,            0.016088,            0.029436,             0.38342,             0.81364,             0.54206,             0.18914,            0.035335,           0.0066962,            0.019802,           0.0076438,           0.0076438,           0.0076438
                 121,            0.055236,            0.012862,            0.028844,             0.38342,             0.81364,             0.54206,             0.18914,            0.035335,           0.0066962,            0.019802,            0.007624,            0.007624,            0.007624
                 122,            0.044449,            0.011826,            0.027344,             0.71795,             0.94615,               0.808,             0.41649,            0.021426,           0.0065466,            0.019476,           0.0076042,           0.0076042,           0.0076042
                 123,            0.041663,            0.013236,            0.028011,             0.71795,             0.94615,               0.808,             0.41649,            0.021426,           0.0065466,            0.019476,           0.0075844,           0.0075844,           0.0075844
                 124,            0.039599,            0.013401,            0.027687,             0.71795,             0.94615,               0.808,             0.41649,            0.021426,           0.0065466,            0.019476,           0.0075646,           0.0075646,           0.0075646
                 125,            0.041171,             0.01061,            0.029986,             0.70458,             0.90408,             0.84185,             0.52647,             0.02044,           0.0063079,            0.019303,           0.0075448,           0.0075448,           0.0075448
                 126,            0.037333,            0.012545,            0.027934,             0.70458,             0.90408,             0.84185,             0.52647,             0.02044,           0.0063079,            0.019303,            0.007525,            0.007525,            0.007525
                 127,            0.041646,            0.012106,            0.025763,             0.68373,             0.78259,             0.85867,             0.45401,            0.032667,           0.0063271,            0.019592,           0.0075052,           0.0075052,           0.0075052
                 128,            0.048829,             0.01523,            0.028296,             0.68373,             0.78259,             0.85867,             0.45401,            0.032667,           0.0063271,            0.019592,           0.0074854,           0.0074854,           0.0074854
                 129,            0.050585,            0.012633,             0.02965,             0.68373,             0.78259,             0.85867,             0.45401,            0.032667,           0.0063271,            0.019592,           0.0074656,           0.0074656,           0.0074656
                 130,            0.047383,            0.013228,            0.029667,             0.66183,             0.81818,              0.8432,             0.52251,            0.024619,           0.0061475,             0.01943,           0.0074458,           0.0074458,           0.0074458
                 131,            0.038991,            0.013151,            0.026306,             0.66183,             0.81818,              0.8432,             0.52251,            0.024619,           0.0061475,             0.01943,            0.007426,            0.007426,            0.007426
                 132,            0.043564,            0.015021,            0.028408,             0.72889,             0.83475,             0.85986,             0.36504,            0.031809,            0.006116,            0.018822,           0.0074062,           0.0074062,           0.0074062
                 133,             0.04939,            0.012784,            0.027852,             0.72889,             0.83475,             0.85986,             0.36504,            0.031809,            0.006116,            0.018822,           0.0073864,           0.0073864,           0.0073864
                 134,            0.049481,            0.012424,            0.028661,             0.72889,             0.83475,             0.85986,             0.36504,            0.031809,            0.006116,            0.018822,           0.0073666,           0.0073666,           0.0073666
                 135,            0.039467,            0.010657,            0.027411,              0.6785,             0.86364,             0.90568,             0.58644,            0.021047,           0.0059657,            0.019001,           0.0073468,           0.0073468,           0.0073468
                 136,            0.037888,            0.012393,            0.026521,              0.6785,             0.86364,             0.90568,             0.58644,            0.021047,           0.0059657,            0.019001,            0.007327,            0.007327,            0.007327
                 137,            0.039103,             0.01294,            0.028319,              0.6785,             0.86364,             0.90568,             0.58644,            0.021047,           0.0059657,            0.019001,           0.0073072,           0.0073072,           0.0073072
                 138,            0.036579,            0.014289,            0.029006,             0.59535,             0.95455,             0.85475,              0.6472,            0.020503,           0.0059139,            0.019083,           0.0072874,           0.0072874,           0.0072874
                 139,            0.034917,            0.014363,            0.026061,             0.59535,             0.95455,             0.85475,              0.6472,            0.020503,           0.0059139,            0.019083,           0.0072676,           0.0072676,           0.0072676
                 140,            0.040661,            0.013469,            0.027385,             0.59865,             0.77415,             0.84461,             0.45359,            0.024112,           0.0058143,            0.018975,           0.0072478,           0.0072478,           0.0072478
                 141,            0.042558,            0.011588,            0.029888,             0.59865,             0.77415,             0.84461,             0.45359,            0.024112,           0.0058143,            0.018975,            0.007228,            0.007228,            0.007228
                 142,            0.036593,            0.010733,            0.027466,             0.59865,             0.77415,             0.84461,             0.45359,            0.024112,           0.0058143,            0.018975,           0.0072082,           0.0072082,           0.0072082
                 143,            0.036294,            0.012105,            0.026521,             0.66746,             0.78589,             0.82817,             0.48309,            0.021142,           0.0057349,            0.018415,           0.0071884,           0.0071884,           0.0071884
                 144,            0.035273,            0.012438,            0.026576,             0.66746,             0.78589,             0.82817,             0.48309,            0.021142,           0.0057349,            0.018415,           0.0071686,           0.0071686,           0.0071686
                 145,            0.032947,            0.012105,            0.026692,             0.54393,             0.72727,              0.7564,             0.46458,            0.026046,           0.0058305,            0.018198,           0.0071488,           0.0071488,           0.0071488
                 146,            0.050417,            0.013135,            0.027932,             0.54393,             0.72727,              0.7564,             0.46458,            0.026046,           0.0058305,            0.018198,            0.007129,            0.007129,            0.007129
                 147,            0.043702,            0.010694,              0.0269,             0.54393,             0.72727,              0.7564,             0.46458,            0.026046,           0.0058305,            0.018198,           0.0071092,           0.0071092,           0.0071092
                 148,            0.044798,            0.012965,            0.028419,              0.6147,                   1,             0.84191,             0.48528,            0.020478,           0.0055667,            0.017505,           0.0070894,           0.0070894,           0.0070894
                 149,            0.032116,           0.0096523,            0.027707,              0.6147,                   1,             0.84191,             0.48528,            0.020478,           0.0055667,            0.017505,           0.0070696,           0.0070696,           0.0070696
                 150,            0.032258,            0.011693,            0.030359,              0.6147,                   1,             0.84191,             0.48528,            0.020478,           0.0055667,            0.017505,           0.0070498,           0.0070498,           0.0070498
                 151,            0.030912,            0.014183,            0.024379,             0.61653,                   1,             0.83692,             0.40541,            0.023459,           0.0055915,            0.017177,             0.00703,             0.00703,             0.00703
                 152,            0.032033,            0.012507,            0.027697,             0.61653,                   1,             0.83692,             0.40541,            0.023459,           0.0055915,            0.017177,           0.0070102,           0.0070102,           0.0070102
                 153,            0.029315,           0.0094277,             0.02126,             0.77173,             0.90909,             0.91873,             0.59197,            0.020392,           0.0054641,            0.017202,           0.0069904,           0.0069904,           0.0069904
                 154,            0.034295,            0.011624,            0.028089,             0.77173,             0.90909,             0.91873,             0.59197,            0.020392,           0.0054641,            0.017202,           0.0069706,           0.0069706,           0.0069706
                 155,            0.038631,             0.01437,             0.02886,             0.77173,             0.90909,             0.91873,             0.59197,            0.020392,           0.0054641,            0.017202,           0.0069508,           0.0069508,           0.0069508
                 156,            0.032612,            0.012224,            0.025588,             0.87836,             0.90909,             0.93984,             0.57525,             0.01892,           0.0053938,            0.016924,            0.006931,            0.006931,            0.006931
                 157,            0.031101,             0.01251,            0.025018,             0.87836,             0.90909,             0.93984,             0.57525,             0.01892,           0.0053938,            0.016924,           0.0069112,           0.0069112,           0.0069112
                 158,            0.031899,             0.01364,            0.025027,             0.89338,             0.90909,             0.93818,             0.43235,            0.025554,           0.0055885,            0.016857,           0.0068914,           0.0068914,           0.0068914
                 159,            0.047811,            0.010611,             0.02326,             0.89338,             0.90909,             0.93818,             0.43235,            0.025554,           0.0055885,            0.016857,           0.0068716,           0.0068716,           0.0068716
                 160,            0.044552,            0.011177,            0.025736,             0.89338,             0.90909,             0.93818,             0.43235,            0.025554,           0.0055885,            0.016857,           0.0068518,           0.0068518,           0.0068518
                 161,            0.039679,            0.011721,            0.025322,             0.93081,             0.93483,             0.94293,             0.52975,            0.021338,           0.0054702,            0.016153,            0.006832,            0.006832,            0.006832
                 162,            0.041127,             0.01174,             0.02642,             0.93081,             0.93483,             0.94293,             0.52975,            0.021338,           0.0054702,            0.016153,           0.0068122,           0.0068122,           0.0068122
                 163,            0.037012,            0.014171,            0.028438,             0.93081,             0.93483,             0.94293,             0.52975,            0.021338,           0.0054702,            0.016153,           0.0067924,           0.0067924,           0.0067924
                 164,            0.039416,            0.012238,            0.024359,             0.93055,             0.93527,             0.94748,             0.49645,            0.022674,           0.0054858,            0.016027,           0.0067726,           0.0067726,           0.0067726
                 165,            0.037399,                0.01,            0.025851,             0.93055,             0.93527,             0.94748,             0.49645,            0.022674,           0.0054858,            0.016027,           0.0067528,           0.0067528,           0.0067528
                 166,            0.039282,            0.012348,            0.030053,             0.93214,             0.90909,             0.95378,             0.38126,            0.027764,            0.005669,            0.015578,            0.006733,            0.006733,            0.006733
                 167,            0.044567,            0.010789,            0.025185,             0.93214,             0.90909,             0.95378,             0.38126,            0.027764,            0.005669,            0.015578,           0.0067132,           0.0067132,           0.0067132
                 168,             0.04454,            0.011471,            0.024675,             0.93214,             0.90909,             0.95378,             0.38126,            0.027764,            0.005669,            0.015578,           0.0066934,           0.0066934,           0.0066934
                 169,            0.040197,            0.012813,            0.027622,             0.93869,              0.9326,             0.96386,             0.52677,            0.022066,           0.0054948,            0.014989,           0.0066736,           0.0066736,           0.0066736
                 170,            0.035309,             0.01392,            0.027049,             0.93869,              0.9326,             0.96386,             0.52677,            0.022066,           0.0054948,            0.014989,           0.0066538,           0.0066538,           0.0066538
                 171,            0.033885,            0.010825,            0.024277,             0.82413,             0.85973,              0.9385,              0.5485,            0.029152,            0.005492,            0.014319,            0.006634,            0.006634,            0.006634
                 172,            0.047938,            0.010501,            0.026294,             0.82413,             0.85973,              0.9385,              0.5485,            0.029152,            0.005492,            0.014319,           0.0066142,           0.0066142,           0.0066142
                 173,            0.046214,            0.012441,            0.025751,             0.82413,             0.85973,              0.9385,              0.5485,            0.029152,            0.005492,            0.014319,           0.0065944,           0.0065944,           0.0065944
                 174,            0.044783,             0.01276,            0.023246,             0.85224,             0.81805,              0.9265,             0.53087,            0.026433,             0.00537,            0.014203,           0.0065746,           0.0065746,           0.0065746
                 175,             0.04011,           0.0087726,            0.024609,             0.85224,             0.81805,              0.9265,             0.53087,            0.026433,             0.00537,            0.014203,           0.0065548,           0.0065548,           0.0065548
                 176,            0.041529,            0.011578,            0.025811,             0.85224,             0.81805,              0.9265,             0.53087,            0.026433,             0.00537,            0.014203,            0.006535,            0.006535,            0.006535
                 177,            0.042147,            0.013642,            0.024978,             0.92712,             0.90844,             0.94956,             0.57879,            0.023227,            0.005361,            0.013859,           0.0065152,           0.0065152,           0.0065152
                 178,            0.042453,             0.01085,            0.025439,             0.92712,             0.90844,             0.94956,             0.57879,            0.023227,            0.005361,            0.013859,           0.0064954,           0.0064954,           0.0064954
                 179,            0.034445,            0.010882,             0.02399,             0.93168,             0.90909,             0.94371,             0.61363,            0.023766,           0.0053481,            0.013825,           0.0064756,           0.0064756,           0.0064756
                 180,             0.04765,            0.011893,             0.02632,             0.93168,             0.90909,             0.94371,             0.61363,            0.023766,           0.0053481,            0.013825,           0.0064558,           0.0064558,           0.0064558
                 181,            0.035641,            0.011881,            0.024209,             0.93168,             0.90909,             0.94371,             0.61363,            0.023766,           0.0053481,            0.013825,            0.006436,            0.006436,            0.006436
                 182,            0.034337,           0.0097951,            0.024713,             0.89085,             0.91836,             0.95523,             0.63296,            0.020773,           0.0052727,            0.013675,           0.0064162,           0.0064162,           0.0064162
                 183,            0.036378,            0.010768,            0.024207,             0.89085,             0.91836,             0.95523,             0.63296,            0.020773,           0.0052727,            0.013675,           0.0063964,           0.0063964,           0.0063964
                 184,             0.03159,           0.0099371,            0.023808,              0.9215,             0.85326,             0.92242,             0.48447,            0.029218,           0.0054186,            0.012845,           0.0063766,           0.0063766,           0.0063766
                 185,            0.041345,            0.010369,            0.026159,              0.9215,             0.85326,             0.92242,             0.48447,            0.029218,           0.0054186,            0.012845,           0.0063568,           0.0063568,           0.0063568
                 186,            0.043357,            0.013363,            0.024781,              0.9215,             0.85326,             0.92242,             0.48447,            0.029218,           0.0054186,            0.012845,            0.006337,            0.006337,            0.006337
                 187,            0.041135,            0.011319,            0.022332,             0.79196,             0.86641,             0.90929,             0.52667,            0.022427,           0.0053059,            0.012504,           0.0063172,           0.0063172,           0.0063172
                 188,            0.034405,           0.0092201,            0.022952,             0.79196,             0.86641,             0.90929,             0.52667,            0.022427,           0.0053059,            0.012504,           0.0062974,           0.0062974,           0.0062974
                 189,             0.03593,            0.010754,            0.022072,             0.79196,             0.86641,             0.90929,             0.52667,            0.022427,           0.0053059,            0.012504,           0.0062776,           0.0062776,           0.0062776
                 190,            0.033693,            0.011146,            0.025501,             0.88272,             0.90909,             0.94253,             0.53019,             0.02097,           0.0053283,            0.012114,           0.0062578,           0.0062578,           0.0062578
                 191,            0.037832,            0.010631,            0.025744,             0.88272,             0.90909,             0.94253,             0.53019,             0.02097,           0.0053283,            0.012114,            0.006238,            0.006238,            0.006238
                 192,            0.034998,            0.011398,            0.024913,             0.85367,             0.89793,             0.93391,             0.61909,            0.023055,           0.0052479,            0.011752,           0.0062182,           0.0062182,           0.0062182
                 193,            0.043138,            0.010647,            0.023026,             0.85367,             0.89793,             0.93391,             0.61909,            0.023055,           0.0052479,            0.011752,           0.0061984,           0.0061984,           0.0061984
                 194,            0.042012,            0.010982,            0.024042,             0.85367,             0.89793,             0.93391,             0.61909,            0.023055,           0.0052479,            0.011752,           0.0061786,           0.0061786,           0.0061786
                 195,            0.041656,            0.010919,            0.022249,             0.69494,              0.9537,             0.82593,             0.57841,            0.021024,           0.0051068,            0.011303,           0.0061588,           0.0061588,           0.0061588
                 196,            0.038432,            0.012535,            0.023332,             0.69494,              0.9537,             0.82593,             0.57841,            0.021024,           0.0051068,            0.011303,            0.006139,            0.006139,            0.006139
                 197,            0.037828,           0.0094485,            0.021017,              0.9103,             0.92469,             0.97307,             0.65019,            0.019178,           0.0050607,            0.011052,           0.0061192,           0.0061192,           0.0061192
                 198,             0.03797,             0.01058,            0.024053,              0.9103,             0.92469,             0.97307,             0.65019,            0.019178,           0.0050607,            0.011052,           0.0060994,           0.0060994,           0.0060994
                 199,             0.03346,           0.0087397,            0.021926,              0.9103,             0.92469,             0.97307,             0.65019,            0.019178,           0.0050607,            0.011052,           0.0060796,           0.0060796,           0.0060796
                 200,             0.04024,            0.011117,            0.026643,             0.92589,             0.94206,             0.97307,             0.70053,            0.020673,           0.0050015,            0.010808,           0.0060598,           0.0060598,           0.0060598
                 201,            0.040014,            0.012425,            0.023885,             0.92589,             0.94206,             0.97307,             0.70053,            0.020673,           0.0050015,            0.010808,             0.00604,             0.00604,             0.00604
                 202,            0.034884,           0.0097888,            0.019744,             0.92589,             0.94206,             0.97307,             0.70053,            0.020673,           0.0050015,            0.010808,           0.0060202,           0.0060202,           0.0060202
                 203,            0.034722,           0.0077647,            0.025337,             0.92507,             0.94531,             0.97682,              0.6676,            0.022137,           0.0050885,            0.010541,           0.0060004,           0.0060004,           0.0060004
                 204,            0.036352,            0.010628,            0.021321,             0.92507,             0.94531,             0.97682,              0.6676,            0.022137,           0.0050885,            0.010541,           0.0059806,           0.0059806,           0.0059806
                 205,             0.03872,            0.009695,            0.021865,             0.91796,             0.98542,             0.97682,             0.47272,            0.023927,           0.0052016,            0.010222,           0.0059608,           0.0059608,           0.0059608
                 206,            0.040603,           0.0095447,            0.022973,             0.91796,             0.98542,             0.97682,             0.47272,            0.023927,           0.0052016,            0.010222,            0.005941,            0.005941,            0.005941
                 207,            0.037206,           0.0099741,            0.023873,             0.91796,             0.98542,             0.97682,             0.47272,            0.023927,           0.0052016,            0.010222,           0.0059212,           0.0059212,           0.0059212
                 208,            0.032891,            0.010012,            0.021437,             0.81325,              0.9875,             0.95308,             0.70594,            0.020751,           0.0050477,           0.0098451,           0.0059014,           0.0059014,           0.0059014
                 209,            0.033774,            0.011373,            0.019986,             0.81325,              0.9875,             0.95308,             0.70594,            0.020751,           0.0050477,           0.0098451,           0.0058816,           0.0058816,           0.0058816
                 210,            0.036618,             0.01477,            0.021712,               0.812,             0.90909,             0.95534,             0.50764,            0.020245,           0.0051284,           0.0095828,           0.0058618,           0.0058618,           0.0058618
                 211,              0.0359,           0.0092528,            0.022092,               0.812,             0.90909,             0.95534,             0.50764,            0.020245,           0.0051284,           0.0095828,            0.005842,            0.005842,            0.005842
                 212,            0.035952,            0.011116,            0.021772,               0.812,             0.90909,             0.95534,             0.50764,            0.020245,           0.0051284,           0.0095828,           0.0058222,           0.0058222,           0.0058222
                 213,            0.036371,            0.012193,            0.021104,             0.92094,             0.93716,             0.98591,             0.62673,            0.021161,           0.0051734,           0.0093019,           0.0058024,           0.0058024,           0.0058024
                 214,            0.034991,            0.014098,            0.021996,             0.92094,             0.93716,             0.98591,             0.62673,            0.021161,           0.0051734,           0.0093019,           0.0057826,           0.0057826,           0.0057826
                 215,            0.034756,            0.012161,            0.019991,             0.92094,             0.93716,             0.98591,             0.62673,            0.021161,           0.0051734,           0.0093019,           0.0057628,           0.0057628,           0.0057628
                 216,            0.037061,            0.008858,            0.021569,             0.92704,             0.92901,             0.98591,             0.67641,            0.021073,           0.0051522,           0.0091883,            0.005743,            0.005743,            0.005743
                 217,            0.031601,            0.010122,            0.019369,             0.92704,             0.92901,             0.98591,             0.67641,            0.021073,           0.0051522,           0.0091883,           0.0057232,           0.0057232,           0.0057232
                 218,            0.034078,           0.0086014,            0.019862,             0.87236,             0.90909,             0.94316,             0.44661,            0.025064,           0.0050316,           0.0089473,           0.0057034,           0.0057034,           0.0057034
                 219,            0.044817,            0.011272,            0.019718,             0.87236,             0.90909,             0.94316,             0.44661,            0.025064,           0.0050316,           0.0089473,           0.0056836,           0.0056836,           0.0056836
